{
  "type": "train_receipt",
  "local_update_uri": "file://secure_store/local_updates\\trainer_1758045025480.pt.enc",
  "timestamp": 1758045025.5775049,
  "clip_norm": 1.0,
  "clip_applied": true,
  "noise_multiplier": 1.2,
  "l2_norm_before": 21.01624298095703,
  "l2_norm_after": 23.510847091674805,
  "signature": "d02f6f7ee58327c1b2f2a8fb39855f6c95888aa1ba05d8cd3f920fb96c4ffbeb",
  "epochs": 1,
  "batch_size": 32,
  "dataset_size": 1000
}