{
  "type": "train_receipt",
  "local_update_uri": "file://secure_store/local_updates\\trainer_1758045359063.pt.enc",
  "timestamp": 1758045359.0784087,
  "clip_norm": 1.0,
  "clip_applied": true,
  "noise_multiplier": 1.2,
  "l2_norm_before": 20.037240982055664,
  "l2_norm_after": 24.532808303833008,
  "signature": "7b8a6450bf150a13a4ca420de0a22d203299ee698f3e43ac8b8b842cd7096311",
  "epochs": 1,
  "batch_size": 32,
  "dataset_size": 1000
}