{
  "type": "train_receipt",
  "local_update_uri": "file://secure_store/local_updates\\trainer_1758041863469.pt.enc",
  "timestamp": 1758041863.6625535,
  "clip_norm": 1.0,
  "clip_applied": true,
  "noise_multiplier": 1.2,
  "l2_norm_before": 20.99198341369629,
  "l2_norm_after": 25.841768264770508,
  "signature": "ee6f45e2837e2b56539d87e54bd64d1c34420ec597406074539421d7ac480db7",
  "epochs": 1,
  "batch_size": 32,
  "dataset_size": 1000
}