{
  "type": "train_receipt",
  "local_update_uri": "file://secure_store/local_updates\\trainer_1758046375029.pt.enc",
  "timestamp": 1758046375.0467725,
  "clip_norm": 1.0,
  "clip_applied": true,
  "noise_multiplier": 1.2,
  "l2_norm_before": 20.494853973388672,
  "l2_norm_after": 25.891420364379883,
  "signature": "119887bb8f7a6d8df8ac463b17798b98cf69d8d7b5f615e5e234fc7e2f960c27",
  "epochs": 1,
  "batch_size": 32,
  "dataset_size": 1000
}