{
  "type": "train_receipt",
  "local_update_uri": "file://secure_store/local_updates\\trainer_1758045646977.pt.enc",
  "timestamp": 1758045647.0655954,
  "clip_norm": 1.0,
  "clip_applied": true,
  "noise_multiplier": 1.2,
  "l2_norm_before": 20.709819793701172,
  "l2_norm_after": 23.837038040161133,
  "signature": "c88e2d90a90b6c199de21f1429c9840b15bf7c42b24a9ea94585e12e0c9dfebb",
  "epochs": 1,
  "batch_size": 32,
  "dataset_size": 1000
}