{
  "type": "train_receipt",
  "local_update_uri": "file://secure_store/local_updates\\trainer_1758045237256.pt.enc",
  "timestamp": 1758045237.272037,
  "clip_norm": 1.0,
  "clip_applied": true,
  "noise_multiplier": 1.2,
  "l2_norm_before": 20.477516174316406,
  "l2_norm_after": 23.100757598876953,
  "signature": "0c8c45b6be61bc26d58db082d42037d3f69a6318444e3ab10658645f34cef866",
  "epochs": 1,
  "batch_size": 32,
  "dataset_size": 1000
}