{
  "type": "train_receipt",
  "local_update_uri": "file://secure_store/local_updates\\trainer_1758045919404.pt.enc",
  "timestamp": 1758045919.4207613,
  "clip_norm": 1.0,
  "clip_applied": true,
  "noise_multiplier": 1.2,
  "l2_norm_before": 19.988189697265625,
  "l2_norm_after": 23.004140853881836,
  "signature": "3ebd6fd54ffe0ea979732130b453386008852371f04936f8bc55cc21fca9b400",
  "epochs": 1,
  "batch_size": 32,
  "dataset_size": 1000
}