{
  "type": "train_receipt",
  "local_update_uri": "file://secure_store/local_updates\\trainer_1758043495019.pt.enc",
  "timestamp": 1758043495.213895,
  "clip_norm": 1.0,
  "clip_applied": true,
  "noise_multiplier": 1.2,
  "l2_norm_before": 19.696443557739258,
  "l2_norm_after": 24.37035369873047,
  "signature": "d0eb99eec11cea3e48b36db6ec684b3054773c7fefb6cb2c9f2a9ab79959441b",
  "epochs": 1,
  "batch_size": 32,
  "dataset_size": 1000
}