{
  "type": "train_receipt",
  "local_update_uri": "file://secure_store/local_updates\\trainer_1758044780456.pt.enc",
  "timestamp": 1758044780.7083085,
  "clip_norm": 1.0,
  "clip_applied": true,
  "noise_multiplier": 1.2,
  "l2_norm_before": 19.860042572021484,
  "l2_norm_after": 24.804391860961914,
  "signature": "de2bed6cad76aef8bf01e1d2eea1b79776120f8d33f3f31469908a120866f045",
  "epochs": 1,
  "batch_size": 32,
  "dataset_size": 1000
}